{"cameraMode":{"drawMode":0,"name":"Shaded","section":"Shading Mode"},"sceneLighting":true,"audioPlay":false,"sceneViewState":{"m_AlwaysRefresh":false,"showFog":true,"showSkybox":true,"showFlares":true,"showImageEffects":true,"showParticleSystems":true,"showVisualEffectGraphs":true,"m_FxEnabled":true},"in2DMode":false,"pivot":{"x":3.500605583190918,"y":0.8216761350631714,"z":8.583101272583008},"rotation":{"x":-0.10307921469211579,"y":0.10186752676963806,"z":-0.010613883845508099,"w":-0.9893956184387207},"size":8.939176559448243,"orthographic":true}